Car_Brand,Model,Engine_Type,Fuel_Efficiency,Safety_Rating,Driving_Condition,Temperature,Road_Type,Traffic_Level,Weather_Condition,Engine_Performance,Battery_Range,Braking_Performance,Emissions,Vehicle_Condition,Tire_Condition,Performance_Optimization,Scenario_Adaptability
Ford,Mustang,Diesel,A,5,Urban,6,Highway,Medium,Rainy,404,,170,150,Poor,Worn,Medium,6
BMW,3 Series,Diesel,C,4,Off-Road,27,Highway,Low,Clear,267,,193,286,Poor,New,Low,5
Ford,Mustang,Diesel,E,5,Heavy Traffic,12,Highway,Low,Rainy,244,,110,272,Well-maintained,Worn,Medium,2
BMW,X5,Electric,D,5,Highway,10,Off-road terrain,Medium,Clear,373,,191,268,Moderate wear,New,High,7
Mercedes,GLE,Diesel,C,4,Heavy Traffic,1,City streets,High,Snowy,488,,109,178,Poor,Worn,High,3
Tesla,Model 3,Electric,E,5,Highway,2,Off-road terrain,Low,Snowy,158,,159,226,Poor,Flat,Medium,2
Toyota,Camry,Petrol,B,5,Urban,2,City streets,Low,Clear,161,,188,261,Well-maintained,Flat,Medium,5
Tesla,Model S,Petrol,A++,4,Highway,12,Off-road terrain,High,Rainy,241,,150,260,Well-maintained,Worn,Medium,3
Ford,Mustang,Petrol,E,4,Heavy Traffic,12,Off-road terrain,Medium,Clear,450,,146,225,Poor,New,Low,3
Tesla,Model S,Diesel,B,4,Heavy Traffic,18,City streets,Low,Rainy,363,,122,168,Poor,Flat,Low,4
Mercedes,GLE,Diesel,A+,4,Urban,29,Highway,Low,Clear,459,,121,177,Well-maintained,Worn,Low,6
Mercedes,GLE,Petrol,A+,4,Heavy Traffic,17,Off-road terrain,High,Clear,307,,176,295,Well-maintained,Flat,Low,2
Tesla,Model S,Electric,D,4,Off-Road,21,Highway,High,Rainy,394,,156,170,Well-maintained,New,High,6
Mercedes,GLE,Diesel,E,4,Urban,0,Off-road terrain,Low,Clear,224,,113,152,Well-maintained,Flat,High,4
Mercedes,GLE,Diesel,B,4,Heavy Traffic,28,City streets,Medium,Snowy,360,,124,222,Poor,New,Low,2
Ford,F-150,Diesel,D,4,Heavy Traffic,26,City streets,High,Clear,436,,109,167,Well-maintained,New,Low,4
Toyota,Corolla,Petrol,A,5,Urban,-1,Off-road terrain,Low,Rainy,228,,117,151,Moderate wear,New,High,9
Tesla,Model 3,Petrol,D,5,Urban,7,City streets,Low,Rainy,222,,151,279,Poor,New,Medium,3
Mercedes,E-Class,Diesel,A++,4,Urban,11,City streets,Medium,Snowy,162,,191,268,Poor,Worn,Medium,4
Mercedes,E-Class,Diesel,A++,4,Off-Road,18,City streets,High,Snowy,184,,154,251,Well-maintained,New,Medium,8
Tesla,Model 3,Diesel,D,5,Highway,7,Off-road terrain,High,Snowy,183,,135,155,Moderate wear,New,High,8
Tesla,Model 3,Diesel,B,5,Off-Road,8,Off-road terrain,Medium,Rainy,170,,153,252,Moderate wear,Flat,High,1
Mercedes,E-Class,Electric,E,4,Extreme Weather,34,Off-road terrain,High,Snowy,368,,179,236,Poor,Worn,High,2
BMW,X5,Electric,E,5,Urban,-1,Off-road terrain,High,Snowy,265,,113,261,Poor,Flat,Low,2
Ford,Mustang,Electric,E,5,Highway,30,Off-road terrain,High,Snowy,339,,146,254,Moderate wear,New,High,2
Hyundai,Sonata,Petrol,A++,4,Extreme Weather,1,City streets,High,Rainy,187,,113,240,Well-maintained,Worn,Medium,4
Mercedes,E-Class,Electric,E,4,Heavy Traffic,11,Highway,High,Rainy,281,,184,243,Well-maintained,New,High,5
Toyota,Corolla,Diesel,E,5,Highway,16,Highway,Medium,Clear,306,,137,259,Poor,New,High,1
BMW,3 Series,Electric,A+,5,Heavy Traffic,27,Highway,Low,Rainy,377,,159,211,Moderate wear,New,Medium,6
Mercedes,E-Class,Electric,B,5,Heavy Traffic,12,Off-road terrain,Medium,Snowy,435,,197,216,Poor,Worn,Medium,1
BMW,3 Series,Electric,C,4,Urban,3,Off-road terrain,High,Rainy,447,,150,277,Moderate wear,New,High,1
Tesla,Model 3,Electric,D,5,Urban,23,Off-road terrain,Low,Snowy,247,,164,261,Well-maintained,Worn,Low,9
Hyundai,Kona EV,Electric,E,4,Off-Road,29,Highway,Low,Snowy,457,,184,214,Poor,New,Low,6
Ford,Mustang,Diesel,D,5,Extreme Weather,17,Off-road terrain,Low,Clear,257,,178,195,Moderate wear,Worn,Low,2
Ford,Mustang,Petrol,A+,4,Heavy Traffic,26,City streets,Low,Clear,388,,157,295,Poor,Flat,High,7
BMW,X5,Electric,E,5,Highway,21,City streets,Low,Clear,204,,196,236,Poor,Flat,Low,2
Toyota,Corolla,Electric,D,4,Urban,25,Highway,High,Snowy,254,,100,163,Poor,Worn,Medium,4
Mercedes,GLE,Petrol,B,5,Extreme Weather,6,City streets,High,Clear,469,,158,279,Poor,New,High,7
BMW,3 Series,Electric,A++,5,Highway,32,City streets,Low,Clear,269,,196,206,Moderate wear,New,High,5
Ford,Mustang,Petrol,B,4,Highway,23,Highway,Low,Snowy,423,,141,250,Well-maintained,New,High,4
Ford,F-150,Electric,E,5,Extreme Weather,9,Off-road terrain,High,Snowy,396,,118,175,Moderate wear,Worn,Medium,5
Tesla,Model 3,Electric,E,4,Urban,6,City streets,High,Rainy,198,,154,248,Well-maintained,Worn,Medium,4
Mercedes,GLE,Petrol,D,4,Urban,10,Highway,Low,Clear,497,,105,297,Moderate wear,Worn,Low,1
Ford,F-150,Electric,C,4,Heavy Traffic,20,Off-road terrain,Medium,Snowy,257,,129,289,Well-maintained,New,Medium,2
BMW,3 Series,Diesel,B,5,Heavy Traffic,7,Off-road terrain,Low,Rainy,279,,183,195,Moderate wear,Worn,Medium,6
Mercedes,GLE,Diesel,D,4,Extreme Weather,24,City streets,High,Rainy,220,,195,168,Well-maintained,Flat,Low,5
Tesla,Model S,Petrol,E,5,Off-Road,3,Off-road terrain,High,Rainy,166,,125,221,Poor,Worn,High,3
Hyundai,Sonata,Electric,B,4,Highway,4,Highway,Low,Rainy,372,,100,252,Well-maintained,Worn,High,6
Toyota,Camry,Electric,D,4,Highway,4,Highway,Medium,Clear,274,,150,276,Moderate wear,Worn,High,4
Ford,F-150,Diesel,C,5,Extreme Weather,15,Highway,Low,Clear,455,,193,169,Moderate wear,Worn,Medium,6
BMW,3 Series,Petrol,A++,4,Highway,18,Off-road terrain,Medium,Rainy,349,,120,219,Moderate wear,Flat,Low,2
BMW,X5,Electric,A++,4,Extreme Weather,26,Highway,Medium,Rainy,480,,122,206,Poor,Flat,High,2
Ford,F-150,Diesel,A++,5,Urban,12,Highway,Medium,Clear,221,,129,202,Well-maintained,Flat,Medium,10
BMW,X5,Diesel,A+,4,Heavy Traffic,24,Off-road terrain,Medium,Clear,400,,153,214,Well-maintained,New,High,5
Ford,Mustang,Petrol,C,4,Heavy Traffic,6,Highway,High,Snowy,305,,181,151,Moderate wear,Flat,High,5
Mercedes,E-Class,Petrol,D,5,Off-Road,9,Highway,High,Rainy,189,,127,248,Moderate wear,New,Medium,5
Mercedes,E-Class,Petrol,E,4,Heavy Traffic,17,Off-road terrain,Medium,Clear,253,,179,202,Moderate wear,New,High,5
Hyundai,Kona EV,Petrol,C,4,Extreme Weather,7,Off-road terrain,Medium,Snowy,207,,177,191,Well-maintained,Flat,High,3
Ford,F-150,Diesel,D,5,Urban,13,Highway,High,Snowy,153,,194,229,Poor,Worn,Low,9
Mercedes,E-Class,Electric,C,5,Highway,8,City streets,Low,Snowy,356,,127,229,Well-maintained,Worn,High,7
Ford,F-150,Electric,E,4,Off-Road,33,Highway,Low,Snowy,299,,103,208,Poor,Flat,High,8
Hyundai,Sonata,Diesel,C,4,Off-Road,20,City streets,High,Snowy,176,,167,262,Moderate wear,Flat,Low,5
BMW,X5,Diesel,B,4,Extreme Weather,14,Off-road terrain,High,Snowy,314,,120,294,Well-maintained,Flat,High,2
Hyundai,Kona EV,Petrol,E,5,Extreme Weather,-2,Off-road terrain,Medium,Snowy,474,,154,191,Poor,New,Medium,10
Hyundai,Sonata,Petrol,A,5,Extreme Weather,33,Highway,Low,Snowy,198,,108,218,Moderate wear,Flat,Medium,3
BMW,3 Series,Diesel,E,5,Urban,23,Off-road terrain,Low,Clear,257,,109,155,Poor,Worn,High,8
Hyundai,Sonata,Diesel,E,4,Extreme Weather,15,Highway,High,Rainy,206,,192,277,Well-maintained,Flat,High,3
Toyota,Camry,Electric,A,4,Off-Road,14,City streets,Medium,Clear,333,,154,264,Well-maintained,Flat,High,2
Tesla,Model S,Electric,E,5,Highway,21,Off-road terrain,Medium,Rainy,168,,116,266,Poor,New,High,5
Hyundai,Kona EV,Petrol,D,5,Extreme Weather,8,City streets,Medium,Clear,206,,182,166,Poor,New,Low,9
BMW,3 Series,Electric,B,5,Extreme Weather,6,City streets,Low,Clear,258,,100,196,Moderate wear,Flat,Medium,2
Tesla,Model S,Diesel,D,4,Urban,25,Highway,Medium,Clear,187,,158,286,Moderate wear,Flat,Low,2
Mercedes,GLE,Electric,C,4,Extreme Weather,22,Highway,High,Rainy,299,,130,197,Moderate wear,Flat,High,1
Toyota,Corolla,Petrol,E,4,Extreme Weather,32,Off-road terrain,Medium,Rainy,223,,178,257,Poor,Worn,Low,3
BMW,X5,Diesel,E,5,Highway,28,Off-road terrain,Medium,Rainy,327,,131,152,Poor,New,High,7
Mercedes,GLE,Electric,D,5,Highway,0,Off-road terrain,Low,Rainy,368,,176,170,Poor,Flat,High,8
Hyundai,Sonata,Petrol,B,4,Extreme Weather,7,Off-road terrain,Medium,Clear,381,,198,151,Moderate wear,Flat,Medium,6
Tesla,Model S,Diesel,D,4,Off-Road,33,Off-road terrain,Low,Snowy,462,,152,161,Well-maintained,New,High,3
Tesla,Model 3,Electric,D,5,Heavy Traffic,28,Off-road terrain,High,Rainy,386,,170,215,Well-maintained,Worn,High,7
Toyota,Corolla,Petrol,A+,5,Off-Road,0,Highway,Medium,Rainy,489,,188,262,Well-maintained,New,Medium,5
Ford,Mustang,Diesel,B,5,Heavy Traffic,4,Off-road terrain,Medium,Clear,449,,181,165,Moderate wear,Worn,High,5
BMW,X5,Electric,A,5,Heavy Traffic,1,Highway,High,Clear,336,,137,202,Well-maintained,New,High,10
Tesla,Model S,Electric,D,4,Extreme Weather,5,City streets,Medium,Rainy,170,,138,251,Poor,Flat,Low,1
Tesla,Model S,Petrol,B,5,Extreme Weather,14,Off-road terrain,High,Snowy,359,,163,218,Moderate wear,Worn,Low,10
Ford,Mustang,Petrol,C,5,Extreme Weather,-3,Highway,Low,Rainy,367,,160,239,Well-maintained,Worn,Low,1
Mercedes,E-Class,Electric,E,4,Extreme Weather,15,Highway,Medium,Snowy,239,,157,251,Well-maintained,New,Medium,5
Tesla,Model 3,Diesel,D,5,Heavy Traffic,3,Off-road terrain,Medium,Rainy,434,,179,233,Moderate wear,Flat,High,8
Mercedes,GLE,Electric,A++,5,Extreme Weather,3,City streets,High,Rainy,239,,128,198,Poor,New,Medium,7
Ford,Mustang,Diesel,E,4,Urban,3,City streets,High,Snowy,236,,173,274,Moderate wear,Worn,Medium,10
Ford,Mustang,Petrol,B,5,Highway,14,City streets,Low,Rainy,400,,100,265,Poor,Flat,Low,8
Hyundai,Kona EV,Diesel,B,5,Extreme Weather,4,Off-road terrain,High,Clear,392,,153,293,Poor,New,Medium,3
BMW,X5,Petrol,D,5,Heavy Traffic,28,Off-road terrain,Low,Snowy,327,,186,208,Poor,New,High,5
Ford,F-150,Petrol,B,4,Extreme Weather,7,City streets,High,Rainy,435,,153,229,Well-maintained,New,Medium,8
Tesla,Model S,Petrol,B,4,Extreme Weather,30,City streets,Medium,Clear,318,,117,215,Poor,Flat,High,6
Ford,F-150,Electric,C,5,Urban,31,Highway,Medium,Snowy,208,,196,252,Moderate wear,Flat,Low,5
Ford,Mustang,Electric,D,5,Extreme Weather,29,City streets,Low,Clear,181,,173,230,Moderate wear,New,High,4
BMW,3 Series,Petrol,C,4,Urban,9,Highway,Medium,Rainy,498,,103,224,Moderate wear,Worn,Medium,10
Ford,Mustang,Petrol,E,4,Extreme Weather,-2,Off-road terrain,Medium,Rainy,241,,151,157,Well-maintained,Worn,Low,9
Ford,Mustang,Electric,D,4,Urban,-3,Highway,Low,Rainy,211,,102,217,Well-maintained,Flat,Low,7
Toyota,Camry,Petrol,C,4,Heavy Traffic,-4,Highway,Low,Rainy,218,,157,193,Poor,New,High,7
Hyundai,Kona EV,Electric,D,4,Off-Road,6,City streets,Medium,Clear,295,,184,253,Moderate wear,New,Medium,2
Tesla,Model S,Diesel,E,5,Heavy Traffic,14,City streets,High,Rainy,480,,178,221,Moderate wear,Flat,Low,2
Ford,F-150,Petrol,D,5,Extreme Weather,27,Off-road terrain,High,Clear,175,,195,221,Well-maintained,New,Medium,5
Hyundai,Sonata,Electric,B,5,Heavy Traffic,12,Highway,Low,Clear,354,,138,279,Moderate wear,Worn,Low,9
BMW,3 Series,Diesel,C,4,Urban,0,Highway,High,Snowy,248,,113,200,Well-maintained,New,Medium,5
Tesla,Model S,Petrol,E,4,Extreme Weather,28,Off-road terrain,Medium,Rainy,269,,158,296,Poor,New,Low,9
Hyundai,Kona EV,Electric,B,4,Heavy Traffic,-4,City streets,Low,Clear,173,,198,249,Moderate wear,New,Medium,10
Toyota,Corolla,Electric,B,4,Highway,-4,Highway,High,Clear,381,,125,227,Well-maintained,Flat,Medium,2
Toyota,Camry,Petrol,B,5,Heavy Traffic,0,Off-road terrain,Low,Clear,276,,139,280,Moderate wear,Worn,Low,5
Toyota,Corolla,Electric,C,4,Off-Road,27,Off-road terrain,Medium,Clear,314,,191,180,Moderate wear,New,Low,2
Mercedes,E-Class,Petrol,E,5,Highway,32,Highway,Low,Clear,270,,131,216,Poor,New,Low,9
Toyota,Corolla,Petrol,A+,4,Off-Road,7,City streets,High,Rainy,458,,183,218,Moderate wear,New,Medium,7
Toyota,Camry,Diesel,C,4,Extreme Weather,7,Off-road terrain,Medium,Clear,441,,162,223,Moderate wear,Flat,High,7
Tesla,Model 3,Petrol,A++,5,Highway,9,City streets,Low,Rainy,426,,116,206,Moderate wear,Worn,Medium,3
Mercedes,E-Class,Electric,E,5,Heavy Traffic,34,Highway,Low,Rainy,338,,153,168,Well-maintained,Worn,Medium,10
Mercedes,E-Class,Petrol,B,4,Off-Road,10,Off-road terrain,Medium,Rainy,161,,134,170,Well-maintained,New,Low,4
Toyota,Camry,Petrol,A+,5,Urban,0,Off-road terrain,Low,Clear,406,,169,175,Moderate wear,Flat,Low,10
Tesla,Model S,Petrol,A+,4,Heavy Traffic,18,City streets,High,Rainy,496,,124,181,Moderate wear,Worn,Medium,9
BMW,X5,Diesel,D,5,Extreme Weather,22,Off-road terrain,High,Rainy,436,,148,249,Poor,Flat,High,5
Mercedes,GLE,Diesel,E,5,Off-Road,-2,Highway,Medium,Rainy,428,,158,264,Moderate wear,Flat,Low,5
Ford,F-150,Diesel,C,5,Highway,29,Off-road terrain,High,Rainy,472,,152,227,Poor,New,Medium,3
Hyundai,Sonata,Electric,A++,5,Extreme Weather,22,Highway,Low,Rainy,250,,120,295,Well-maintained,New,Low,2
Hyundai,Kona EV,Diesel,C,5,Off-Road,23,City streets,High,Clear,307,,180,219,Moderate wear,New,Medium,8
Tesla,Model 3,Petrol,E,4,Urban,1,Off-road terrain,Low,Rainy,383,,134,242,Poor,Worn,Medium,8
Ford,Mustang,Electric,C,5,Heavy Traffic,28,Highway,High,Clear,431,,156,156,Poor,Worn,Medium,6
BMW,3 Series,Electric,D,4,Highway,-3,Off-road terrain,High,Clear,399,,119,273,Poor,Flat,High,7
Hyundai,Kona EV,Diesel,D,4,Highway,12,City streets,Low,Snowy,430,,177,174,Moderate wear,Flat,Low,5
Tesla,Model S,Electric,C,5,Urban,12,Off-road terrain,Medium,Rainy,459,,105,272,Poor,Worn,High,10
Ford,Mustang,Petrol,E,4,Heavy Traffic,34,City streets,High,Rainy,384,,132,189,Moderate wear,New,Medium,9
Tesla,Model 3,Diesel,A+,5,Heavy Traffic,18,Highway,Medium,Rainy,288,,147,188,Well-maintained,Worn,Medium,5
Tesla,Model 3,Electric,E,5,Highway,10,City streets,Low,Snowy,262,,192,298,Well-maintained,Worn,Low,9
Mercedes,E-Class,Electric,E,4,Extreme Weather,3,City streets,Low,Clear,161,,109,160,Moderate wear,Worn,High,8
Hyundai,Kona EV,Electric,E,4,Heavy Traffic,32,Off-road terrain,High,Rainy,457,,179,171,Well-maintained,Worn,Low,7
BMW,X5,Electric,E,4,Off-Road,20,City streets,Low,Snowy,482,,154,185,Well-maintained,Worn,Low,2
BMW,3 Series,Electric,D,5,Off-Road,14,Highway,Low,Snowy,172,,171,261,Well-maintained,Flat,High,5
Ford,F-150,Electric,E,5,Heavy Traffic,33,Off-road terrain,Medium,Clear,211,,138,268,Poor,New,High,10
BMW,3 Series,Diesel,B,4,Off-Road,23,Highway,Low,Snowy,168,,107,187,Well-maintained,Worn,Low,1
Toyota,Corolla,Electric,A,5,Highway,0,Highway,High,Clear,312,,197,211,Well-maintained,Worn,Medium,10
Toyota,Camry,Electric,B,5,Heavy Traffic,3,Highway,High,Rainy,195,,121,157,Poor,Worn,High,2
Ford,F-150,Electric,A+,4,Urban,1,Highway,Low,Snowy,467,,122,205,Poor,Flat,Medium,1
BMW,3 Series,Petrol,B,5,Extreme Weather,12,City streets,High,Rainy,377,,162,287,Well-maintained,Worn,Medium,4
Mercedes,E-Class,Electric,B,4,Extreme Weather,13,Off-road terrain,Medium,Clear,349,,117,188,Well-maintained,Worn,Medium,7
Toyota,Corolla,Petrol,B,4,Extreme Weather,1,Off-road terrain,Medium,Clear,242,,193,271,Poor,Flat,High,7
Tesla,Model 3,Petrol,C,4,Heavy Traffic,5,Off-road terrain,Low,Snowy,180,,101,164,Moderate wear,Flat,High,2
Mercedes,GLE,Petrol,D,4,Heavy Traffic,13,Off-road terrain,Medium,Clear,226,,165,210,Poor,Flat,Low,7
Ford,F-150,Diesel,D,5,Extreme Weather,22,Highway,High,Rainy,302,,196,264,Poor,New,High,5
BMW,X5,Diesel,C,4,Extreme Weather,21,City streets,High,Snowy,242,,135,202,Well-maintained,Worn,Medium,5
BMW,3 Series,Petrol,D,5,Extreme Weather,19,Highway,High,Clear,310,,113,230,Well-maintained,Flat,Low,1
Ford,F-150,Diesel,E,4,Extreme Weather,21,City streets,Low,Rainy,367,,176,270,Poor,New,Low,1
Toyota,Corolla,Electric,E,5,Urban,4,Highway,High,Snowy,365,,175,268,Well-maintained,New,Medium,1
Hyundai,Kona EV,Petrol,E,4,Urban,18,Highway,Low,Clear,395,,198,209,Moderate wear,Flat,Medium,7
Tesla,Model 3,Petrol,A+,4,Extreme Weather,18,City streets,High,Snowy,402,,109,279,Poor,Worn,Low,4
BMW,3 Series,Diesel,D,5,Urban,12,City streets,Medium,Rainy,233,,197,220,Poor,New,High,3
Ford,F-150,Electric,E,4,Extreme Weather,16,Highway,Low,Clear,429,,113,173,Well-maintained,Worn,Medium,6
Hyundai,Sonata,Electric,A+,5,Urban,31,City streets,Medium,Snowy,444,,141,178,Moderate wear,Flat,Medium,10
Hyundai,Kona EV,Electric,A++,4,Highway,-4,City streets,Medium,Rainy,380,,170,240,Moderate wear,New,High,4
Mercedes,E-Class,Petrol,D,4,Extreme Weather,12,Highway,High,Clear,350,,105,197,Poor,New,Low,6
Mercedes,E-Class,Diesel,C,5,Urban,27,Highway,Medium,Rainy,169,,159,256,Well-maintained,New,High,2
Mercedes,E-Class,Diesel,D,5,Highway,29,City streets,High,Clear,470,,141,286,Well-maintained,New,Medium,6
Toyota,Corolla,Electric,B,4,Extreme Weather,28,Off-road terrain,Low,Clear,374,,150,219,Well-maintained,Worn,Medium,4
BMW,X5,Diesel,D,4,Highway,10,Off-road terrain,Medium,Clear,250,,128,231,Poor,Worn,Low,5
Toyota,Corolla,Diesel,D,5,Extreme Weather,27,Highway,High,Clear,331,,183,226,Poor,New,Low,1
Toyota,Camry,Electric,D,4,Heavy Traffic,25,City streets,High,Rainy,159,,107,208,Moderate wear,Worn,High,4
Toyota,Camry,Diesel,E,5,Heavy Traffic,16,Off-road terrain,Medium,Clear,192,,173,171,Moderate wear,Worn,High,5
Ford,F-150,Diesel,A,4,Heavy Traffic,32,Off-road terrain,High,Rainy,448,,119,170,Moderate wear,Worn,Medium,9
Hyundai,Sonata,Petrol,B,4,Highway,20,Off-road terrain,High,Snowy,424,,150,219,Moderate wear,New,Low,10
Hyundai,Sonata,Diesel,A++,5,Off-Road,17,Off-road terrain,Low,Snowy,471,,165,222,Poor,New,Low,5
Hyundai,Kona EV,Diesel,D,4,Off-Road,34,Highway,Low,Clear,342,,173,281,Poor,Flat,Medium,1
Tesla,Model 3,Petrol,E,5,Off-Road,14,Off-road terrain,Medium,Clear,459,,130,253,Moderate wear,Worn,Low,3
BMW,3 Series,Electric,D,5,Off-Road,11,Highway,High,Snowy,339,,193,288,Well-maintained,Flat,Low,4
BMW,X5,Electric,C,4,Extreme Weather,21,City streets,High,Rainy,222,,103,222,Moderate wear,Worn,Low,10
Tesla,Model 3,Petrol,A+,4,Off-Road,-4,Highway,Medium,Clear,354,,157,291,Poor,New,Medium,2
Toyota,Camry,Petrol,B,4,Off-Road,8,Off-road terrain,Low,Snowy,212,,161,198,Moderate wear,Flat,Medium,7
Hyundai,Kona EV,Diesel,A+,5,Urban,32,Highway,Low,Clear,224,,128,201,Moderate wear,Worn,High,9
Ford,F-150,Petrol,E,4,Heavy Traffic,9,City streets,Medium,Snowy,251,,153,185,Moderate wear,Flat,High,7
Toyota,Corolla,Electric,C,5,Urban,23,Off-road terrain,High,Snowy,225,,129,280,Well-maintained,Flat,Medium,7
Tesla,Model S,Electric,B,4,Urban,11,Highway,Low,Clear,340,,150,290,Moderate wear,New,High,10
BMW,3 Series,Electric,A,4,Urban,24,City streets,High,Clear,174,,111,174,Moderate wear,Worn,Low,9
Tesla,Model 3,Petrol,E,5,Urban,-1,City streets,Low,Rainy,296,,122,267,Moderate wear,Worn,High,10
Ford,F-150,Diesel,E,5,Highway,9,Off-road terrain,Medium,Snowy,432,,173,221,Moderate wear,Flat,Medium,1
BMW,3 Series,Diesel,E,5,Urban,26,Off-road terrain,Low,Clear,301,,187,164,Poor,New,High,10
Mercedes,GLE,Electric,C,5,Heavy Traffic,0,City streets,Medium,Rainy,479,,153,228,Moderate wear,Worn,Low,5
Tesla,Model 3,Petrol,D,5,Off-Road,6,Off-road terrain,Low,Snowy,241,,122,258,Moderate wear,Flat,Medium,1
Hyundai,Sonata,Diesel,D,4,Urban,20,Highway,Medium,Rainy,437,,185,206,Poor,Flat,High,10
Tesla,Model S,Electric,C,4,Urban,29,Off-road terrain,Medium,Clear,437,,151,267,Poor,Worn,Medium,4
Toyota,Corolla,Diesel,A++,4,Extreme Weather,3,Off-road terrain,Low,Rainy,336,,169,241,Well-maintained,Flat,Low,5
Tesla,Model 3,Petrol,B,4,Off-Road,30,Highway,Low,Rainy,217,,143,210,Moderate wear,New,Low,2
Toyota,Corolla,Diesel,E,5,Urban,19,Highway,Medium,Rainy,338,,102,190,Poor,Worn,Low,8
Ford,F-150,Diesel,D,5,Highway,24,City streets,High,Rainy,360,,130,172,Poor,Flat,High,1
BMW,X5,Petrol,A+,4,Off-Road,5,City streets,Medium,Snowy,497,,123,222,Well-maintained,Worn,Low,1
Mercedes,E-Class,Petrol,C,5,Extreme Weather,8,Highway,Low,Rainy,151,,123,213,Poor,New,Medium,7
Ford,F-150,Petrol,B,5,Extreme Weather,16,Off-road terrain,Medium,Clear,313,,155,170,Poor,Flat,High,6
Hyundai,Sonata,Electric,D,4,Heavy Traffic,-1,Highway,Medium,Snowy,197,,173,230,Well-maintained,New,Low,1
Hyundai,Sonata,Electric,B,5,Highway,24,City streets,Low,Clear,477,,148,205,Well-maintained,Worn,High,9
Toyota,Camry,Electric,D,5,Highway,23,Highway,Medium,Rainy,294,,159,210,Moderate wear,Flat,High,2
BMW,X5,Diesel,A,5,Highway,10,Off-road terrain,High,Clear,379,,123,267,Well-maintained,Worn,Medium,9
BMW,X5,Diesel,D,5,Off-Road,25,Off-road terrain,Medium,Snowy,386,,198,210,Poor,Flat,High,4
BMW,3 Series,Electric,B,5,Urban,16,City streets,High,Clear,264,,126,195,Well-maintained,Worn,Low,10
Toyota,Corolla,Electric,E,4,Highway,30,Off-road terrain,Low,Rainy,317,,137,286,Well-maintained,Flat,Medium,8
Tesla,Model 3,Petrol,B,5,Highway,-3,Highway,Low,Clear,156,,108,203,Poor,Worn,Medium,1
Hyundai,Kona EV,Diesel,B,4,Off-Road,8,City streets,High,Clear,424,,180,283,Well-maintained,Worn,Low,7
Hyundai,Kona EV,Electric,B,5,Heavy Traffic,18,Off-road terrain,Low,Snowy,239,,167,194,Well-maintained,Flat,Medium,4
Tesla,Model S,Electric,A,4,Urban,22,City streets,High,Rainy,409,,178,257,Poor,Worn,Medium,1
Tesla,Model 3,Electric,A++,5,Heavy Traffic,-3,City streets,High,Rainy,249,,160,271,Well-maintained,Worn,Low,1
Hyundai,Kona EV,Petrol,A,5,Off-Road,15,City streets,High,Snowy,431,,140,187,Well-maintained,Flat,Low,1
BMW,X5,Petrol,E,4,Off-Road,8,City streets,Low,Rainy,204,,150,178,Moderate wear,New,Medium,8
Ford,F-150,Electric,C,4,Heavy Traffic,22,Off-road terrain,High,Snowy,374,,197,218,Poor,Flat,High,7
Hyundai,Kona EV,Electric,E,5,Highway,2,Off-road terrain,Medium,Clear,270,,168,271,Poor,Worn,High,1
BMW,3 Series,Electric,A,5,Heavy Traffic,17,Highway,Medium,Clear,191,,111,222,Poor,Worn,Medium,3
Ford,Mustang,Diesel,D,4,Heavy Traffic,3,City streets,Medium,Snowy,261,,120,238,Well-maintained,Flat,High,9
Toyota,Corolla,Electric,A++,4,Urban,23,Highway,Low,Rainy,345,,193,280,Moderate wear,New,High,9
Toyota,Corolla,Diesel,A+,4,Heavy Traffic,31,Off-road terrain,Low,Rainy,417,,110,221,Moderate wear,Worn,Medium,1
Ford,Mustang,Petrol,A+,4,Extreme Weather,27,Off-road terrain,Low,Snowy,414,,108,176,Well-maintained,New,High,1
Toyota,Camry,Petrol,A+,4,Urban,12,City streets,High,Snowy,285,,102,174,Poor,Flat,Medium,5
Toyota,Corolla,Petrol,D,4,Highway,10,Off-road terrain,Medium,Clear,284,,177,212,Well-maintained,New,Low,9
Mercedes,GLE,Electric,D,5,Heavy Traffic,16,Highway,Low,Clear,359,,149,188,Well-maintained,New,Medium,3
Mercedes,GLE,Electric,D,5,Off-Road,17,Off-road terrain,Medium,Snowy,482,,115,247,Moderate wear,New,Medium,4
Toyota,Corolla,Diesel,B,5,Extreme Weather,7,Off-road terrain,Low,Rainy,417,,103,244,Poor,Worn,Low,8
Mercedes,E-Class,Petrol,D,5,Urban,10,City streets,Medium,Rainy,442,,178,226,Moderate wear,Worn,Low,1
Mercedes,E-Class,Electric,D,5,Heavy Traffic,1,Off-road terrain,High,Clear,344,,192,252,Poor,New,High,10
BMW,X5,Electric,E,5,Off-Road,20,City streets,Low,Snowy,154,,177,236,Poor,Flat,Medium,3
Toyota,Corolla,Electric,E,4,Heavy Traffic,25,City streets,High,Rainy,367,,165,226,Poor,New,High,2
Hyundai,Kona EV,Electric,D,5,Off-Road,2,Highway,High,Clear,286,,189,229,Moderate wear,Flat,Medium,8
BMW,X5,Electric,D,5,Highway,19,City streets,Medium,Snowy,398,,175,187,Well-maintained,Worn,High,2
Hyundai,Kona EV,Petrol,A+,5,Extreme Weather,1,City streets,Medium,Snowy,204,,156,196,Well-maintained,New,Low,7
Ford,F-150,Diesel,C,5,Heavy Traffic,-4,Highway,Low,Snowy,465,,146,156,Well-maintained,New,Low,3
Mercedes,GLE,Electric,A++,5,Urban,0,Highway,High,Rainy,403,,196,173,Moderate wear,New,High,5
BMW,3 Series,Electric,A++,5,Highway,12,City streets,Low,Snowy,180,,158,279,Poor,Flat,Medium,1
Ford,F-150,Petrol,C,4,Highway,29,Off-road terrain,Low,Rainy,270,,167,233,Moderate wear,Worn,Low,1
Tesla,Model S,Diesel,E,4,Urban,7,Off-road terrain,High,Rainy,260,,176,200,Well-maintained,Worn,High,7
BMW,3 Series,Petrol,D,4,Off-Road,7,City streets,High,Snowy,372,,179,274,Moderate wear,Worn,Medium,4
Toyota,Corolla,Electric,B,4,Highway,-4,Off-road terrain,Medium,Snowy,153,,105,175,Well-maintained,Flat,High,6
Tesla,Model 3,Electric,A,4,Off-Road,21,Off-road terrain,High,Rainy,322,,134,252,Poor,New,Medium,1
Tesla,Model S,Petrol,A+,5,Heavy Traffic,10,City streets,High,Snowy,241,,146,187,Poor,New,High,1
Toyota,Corolla,Petrol,C,5,Highway,32,City streets,High,Snowy,200,,180,216,Poor,New,High,4
Hyundai,Kona EV,Petrol,C,5,Heavy Traffic,27,Off-road terrain,High,Snowy,178,,160,173,Well-maintained,New,High,8
BMW,X5,Diesel,C,5,Extreme Weather,-4,Off-road terrain,High,Rainy,187,,102,244,Moderate wear,Worn,High,8
BMW,X5,Petrol,B,5,Extreme Weather,24,City streets,Medium,Clear,303,,136,264,Poor,Worn,Low,1
Toyota,Corolla,Diesel,D,5,Heavy Traffic,-1,City streets,High,Clear,181,,183,287,Poor,New,High,9
Hyundai,Kona EV,Diesel,E,5,Heavy Traffic,28,Off-road terrain,High,Snowy,492,,183,255,Well-maintained,Worn,Low,8
BMW,3 Series,Diesel,E,5,Extreme Weather,-4,City streets,Medium,Clear,390,,112,277,Well-maintained,Worn,Low,3
BMW,3 Series,Electric,D,4,Heavy Traffic,2,Off-road terrain,Medium,Clear,392,,192,170,Poor,Worn,Low,7
Toyota,Corolla,Diesel,C,5,Highway,27,Highway,Low,Rainy,244,,134,225,Poor,New,Low,1
Tesla,Model 3,Petrol,A,4,Extreme Weather,17,Highway,High,Clear,254,,165,156,Moderate wear,Flat,Low,2
Toyota,Camry,Electric,C,5,Highway,28,Off-road terrain,Medium,Clear,191,,192,166,Moderate wear,New,High,7
Hyundai,Kona EV,Diesel,D,4,Extreme Weather,23,Highway,Medium,Rainy,493,,192,201,Moderate wear,Flat,Low,10
Ford,Mustang,Electric,A,5,Urban,30,Highway,Medium,Snowy,455,,113,165,Well-maintained,Worn,Low,2
Toyota,Camry,Petrol,D,4,Off-Road,15,Off-road terrain,High,Rainy,473,,124,272,Well-maintained,Flat,High,2
Hyundai,Sonata,Petrol,D,5,Heavy Traffic,23,Highway,High,Rainy,357,,160,159,Moderate wear,Worn,Low,8
Tesla,Model S,Electric,A,5,Urban,34,Off-road terrain,High,Snowy,248,,173,219,Well-maintained,Flat,High,1
Toyota,Corolla,Electric,A+,4,Off-Road,12,Highway,High,Rainy,268,,156,278,Poor,New,Low,7
Toyota,Corolla,Petrol,D,4,Off-Road,27,Off-road terrain,Low,Clear,436,,159,166,Moderate wear,Worn,High,6
Mercedes,E-Class,Electric,E,5,Off-Road,31,City streets,Medium,Rainy,495,,180,150,Poor,Worn,High,1
BMW,3 Series,Electric,E,5,Off-Road,28,Off-road terrain,Low,Rainy,420,,164,174,Poor,Flat,Low,6
BMW,X5,Petrol,B,5,Heavy Traffic,-1,Highway,Medium,Snowy,376,,180,263,Moderate wear,Worn,High,3
Mercedes,E-Class,Electric,A,4,Heavy Traffic,22,Highway,Medium,Snowy,303,,147,166,Moderate wear,Flat,Medium,3
Ford,F-150,Petrol,D,4,Extreme Weather,8,Off-road terrain,High,Clear,242,,172,223,Well-maintained,New,Medium,8
Toyota,Corolla,Diesel,D,5,Off-Road,6,City streets,Medium,Snowy,162,,111,234,Moderate wear,New,High,10
Tesla,Model S,Petrol,C,5,Highway,16,Off-road terrain,Low,Rainy,406,,143,187,Poor,Flat,Low,10
Tesla,Model 3,Diesel,A++,5,Highway,17,Off-road terrain,High,Clear,207,,162,201,Moderate wear,New,High,3
Mercedes,GLE,Electric,A,4,Extreme Weather,0,City streets,Medium,Clear,319,,149,153,Moderate wear,New,Medium,7
Ford,F-150,Electric,C,4,Urban,1,Highway,Low,Snowy,421,,142,222,Moderate wear,Flat,High,5
Mercedes,GLE,Petrol,A,5,Off-Road,10,Highway,Low,Clear,497,,137,241,Well-maintained,New,Medium,9
Ford,F-150,Diesel,B,5,Highway,29,Off-road terrain,High,Rainy,226,,144,264,Moderate wear,Flat,High,9
BMW,X5,Electric,D,4,Heavy Traffic,3,Off-road terrain,Medium,Rainy,370,,123,218,Poor,New,Medium,7
Mercedes,GLE,Diesel,E,4,Heavy Traffic,-5,Off-road terrain,High,Clear,364,,190,239,Poor,New,High,4
Hyundai,Kona EV,Diesel,C,4,Highway,-1,City streets,Low,Snowy,404,,153,157,Moderate wear,New,Low,4
Hyundai,Sonata,Petrol,D,4,Heavy Traffic,27,Highway,Medium,Clear,325,,113,229,Poor,Flat,High,9
Toyota,Camry,Petrol,A+,5,Off-Road,34,City streets,Medium,Clear,419,,158,202,Moderate wear,Flat,Medium,4
Mercedes,GLE,Diesel,A+,5,Off-Road,33,Off-road terrain,Low,Clear,450,,176,158,Poor,New,High,9
Hyundai,Kona EV,Petrol,E,5,Extreme Weather,21,City streets,Medium,Clear,493,,120,284,Poor,Flat,Low,6
Ford,Mustang,Electric,A,5,Heavy Traffic,16,City streets,Low,Snowy,200,,149,220,Well-maintained,New,Medium,3
BMW,X5,Electric,D,4,Heavy Traffic,15,City streets,Medium,Clear,175,,107,153,Well-maintained,Flat,High,3
Toyota,Corolla,Petrol,C,5,Urban,8,City streets,Medium,Clear,346,,129,156,Poor,Worn,High,1
Mercedes,E-Class,Diesel,A,5,Highway,23,City streets,Low,Snowy,468,,172,206,Poor,Flat,Medium,4
Mercedes,E-Class,Petrol,C,5,Off-Road,24,Off-road terrain,Medium,Snowy,344,,120,192,Well-maintained,New,Medium,3
Tesla,Model S,Petrol,D,5,Extreme Weather,17,Highway,Low,Snowy,474,,114,152,Poor,Worn,High,5
Toyota,Corolla,Petrol,D,5,Urban,25,Highway,High,Rainy,477,,188,299,Well-maintained,Worn,Low,7
Mercedes,E-Class,Diesel,C,4,Urban,32,Highway,High,Rainy,323,,100,256,Poor,Flat,Medium,9
BMW,3 Series,Electric,C,4,Off-Road,27,Highway,Low,Rainy,440,,166,287,Poor,Worn,High,5
BMW,X5,Petrol,C,4,Urban,1,City streets,Medium,Clear,298,,110,264,Moderate wear,Worn,High,4
BMW,X5,Petrol,A,5,Highway,0,Off-road terrain,High,Rainy,392,,107,159,Poor,Flat,Medium,3
BMW,3 Series,Electric,B,5,Highway,10,Off-road terrain,Medium,Snowy,305,,180,296,Well-maintained,New,Low,1
Hyundai,Kona EV,Diesel,C,5,Extreme Weather,33,Highway,Low,Snowy,319,,139,289,Moderate wear,Worn,Medium,3
BMW,3 Series,Petrol,A+,4,Extreme Weather,32,City streets,Low,Snowy,257,,136,240,Moderate wear,Worn,High,3
Ford,F-150,Petrol,C,5,Urban,11,City streets,Medium,Clear,374,,129,161,Well-maintained,Worn,High,8
Ford,Mustang,Electric,C,4,Extreme Weather,2,City streets,Low,Clear,440,,122,164,Poor,New,High,3
Toyota,Corolla,Petrol,D,5,Off-Road,22,Off-road terrain,Medium,Rainy,216,,135,269,Moderate wear,Flat,Medium,6
Mercedes,E-Class,Petrol,A+,5,Heavy Traffic,15,Off-road terrain,High,Clear,491,,111,155,Well-maintained,New,Medium,10
Hyundai,Kona EV,Petrol,D,5,Extreme Weather,2,Off-road terrain,Low,Rainy,458,,198,154,Moderate wear,Flat,High,10
Mercedes,E-Class,Electric,E,4,Off-Road,2,Highway,Medium,Rainy,445,,133,194,Well-maintained,New,Low,4
Tesla,Model S,Diesel,D,4,Heavy Traffic,17,Highway,Medium,Rainy,485,,174,194,Well-maintained,Flat,Medium,2
Mercedes,E-Class,Diesel,A++,5,Heavy Traffic,7,Highway,Medium,Clear,343,,199,154,Moderate wear,Worn,High,10
Mercedes,E-Class,Petrol,E,4,Heavy Traffic,8,Highway,High,Snowy,168,,162,243,Moderate wear,Worn,Medium,5
Tesla,Model 3,Electric,E,5,Heavy Traffic,7,Off-road terrain,Medium,Clear,480,,158,208,Moderate wear,New,Medium,9
Toyota,Corolla,Diesel,A++,4,Extreme Weather,9,Highway,Medium,Rainy,181,,108,254,Poor,New,High,4
BMW,3 Series,Diesel,E,4,Off-Road,32,Highway,Medium,Snowy,460,,155,283,Well-maintained,New,High,3
BMW,3 Series,Electric,A+,5,Urban,32,Off-road terrain,Low,Snowy,291,,105,172,Well-maintained,Flat,Medium,6
Ford,Mustang,Petrol,C,4,Extreme Weather,30,City streets,High,Clear,171,,186,235,Moderate wear,New,High,7
Ford,F-150,Diesel,D,4,Heavy Traffic,17,Highway,High,Clear,256,,152,238,Well-maintained,New,Medium,6
Tesla,Model S,Electric,C,4,Urban,23,City streets,Low,Clear,249,,185,284,Poor,New,Medium,3
BMW,3 Series,Petrol,C,5,Highway,-2,Off-road terrain,High,Clear,490,,116,290,Well-maintained,Worn,High,1
Toyota,Corolla,Petrol,E,5,Highway,14,City streets,High,Rainy,364,,132,269,Poor,New,High,6
Tesla,Model 3,Diesel,E,5,Urban,13,Off-road terrain,High,Rainy,233,,182,206,Moderate wear,Worn,High,7
Ford,Mustang,Diesel,B,5,Highway,14,Highway,Low,Rainy,395,,180,290,Well-maintained,Worn,Medium,2
Ford,Mustang,Electric,D,4,Extreme Weather,24,Highway,Medium,Clear,287,,147,256,Well-maintained,Worn,Low,7
Tesla,Model S,Electric,D,4,Heavy Traffic,7,Off-road terrain,High,Snowy,439,,180,235,Poor,Flat,High,9
Mercedes,E-Class,Electric,A+,5,Heavy Traffic,-1,City streets,Low,Rainy,154,,159,170,Well-maintained,Worn,Low,5
Toyota,Camry,Electric,E,4,Extreme Weather,28,Highway,High,Clear,316,,141,219,Well-maintained,New,High,9
Mercedes,GLE,Electric,C,5,Highway,-5,Off-road terrain,Medium,Clear,285,,154,196,Moderate wear,Worn,Low,1
Hyundai,Sonata,Electric,C,5,Off-Road,-2,City streets,High,Rainy,457,,109,246,Poor,Worn,Low,2
BMW,3 Series,Petrol,D,4,Highway,18,Highway,High,Rainy,244,,161,274,Poor,New,Medium,10
BMW,X5,Electric,E,5,Extreme Weather,19,City streets,Low,Clear,350,,169,168,Poor,New,High,8
Toyota,Corolla,Diesel,E,4,Heavy Traffic,11,City streets,High,Snowy,367,,114,285,Well-maintained,New,High,6
Ford,F-150,Diesel,E,5,Highway,-1,City streets,Low,Clear,238,,146,159,Moderate wear,Worn,Medium,4
Tesla,Model 3,Electric,B,5,Urban,8,Highway,High,Rainy,259,,166,235,Moderate wear,New,High,1
Mercedes,GLE,Electric,D,4,Off-Road,29,Off-road terrain,Medium,Snowy,258,,143,248,Well-maintained,Worn,Low,6
BMW,X5,Diesel,D,5,Urban,22,Off-road terrain,High,Clear,256,,139,169,Poor,New,High,6
Tesla,Model S,Diesel,A++,5,Extreme Weather,31,City streets,Medium,Clear,496,,159,172,Poor,Worn,Medium,4
Hyundai,Sonata,Diesel,D,5,Off-Road,9,Off-road terrain,High,Clear,269,,179,277,Well-maintained,New,Medium,2
Ford,Mustang,Electric,C,5,Heavy Traffic,31,City streets,Low,Snowy,475,,179,187,Moderate wear,New,Medium,4
BMW,3 Series,Diesel,B,5,Highway,12,City streets,Low,Snowy,484,,156,219,Well-maintained,New,High,8
Mercedes,GLE,Diesel,D,5,Highway,-2,City streets,Medium,Rainy,150,,124,212,Well-maintained,Flat,Low,6
Ford,F-150,Electric,B,5,Highway,0,Off-road terrain,High,Snowy,291,,137,260,Poor,New,High,5
Mercedes,GLE,Diesel,A++,4,Extreme Weather,-2,City streets,High,Clear,286,,102,249,Well-maintained,Worn,Low,10
Toyota,Camry,Diesel,D,4,Extreme Weather,16,Highway,Low,Clear,360,,124,234,Poor,Worn,Medium,5
Ford,Mustang,Diesel,C,4,Extreme Weather,6,Off-road terrain,Medium,Snowy,192,,150,249,Poor,New,Low,1
Ford,F-150,Electric,E,4,Extreme Weather,1,City streets,Low,Snowy,236,,156,252,Moderate wear,New,Low,10
Tesla,Model S,Petrol,A,5,Off-Road,24,Highway,Low,Snowy,458,,186,238,Well-maintained,New,Low,3
Ford,Mustang,Petrol,A++,5,Heavy Traffic,26,City streets,Low,Snowy,465,,158,207,Well-maintained,Worn,Low,9
Toyota,Corolla,Diesel,C,4,Urban,0,Highway,High,Clear,428,,183,196,Moderate wear,Worn,Medium,4
Toyota,Camry,Diesel,B,5,Off-Road,21,City streets,Low,Clear,383,,189,185,Moderate wear,New,Medium,3
Mercedes,GLE,Petrol,A+,4,Heavy Traffic,31,Highway,Low,Clear,379,,179,156,Well-maintained,Worn,Medium,3
BMW,3 Series,Electric,A,5,Urban,11,Highway,High,Clear,165,,152,249,Well-maintained,Worn,Medium,5
Toyota,Corolla,Electric,A+,5,Highway,31,Off-road terrain,Medium,Snowy,389,,111,259,Moderate wear,Flat,Low,2
Toyota,Corolla,Diesel,A+,4,Heavy Traffic,7,Off-road terrain,High,Snowy,202,,189,226,Moderate wear,New,High,2
Ford,Mustang,Petrol,D,5,Extreme Weather,27,Off-road terrain,High,Clear,227,,108,197,Poor,Flat,Medium,2
BMW,X5,Electric,E,4,Heavy Traffic,6,Off-road terrain,High,Snowy,295,,149,275,Well-maintained,New,Medium,10
Mercedes,GLE,Electric,C,4,Heavy Traffic,25,City streets,Medium,Rainy,438,,125,249,Poor,Worn,Low,7
Ford,F-150,Diesel,E,4,Extreme Weather,11,Highway,Medium,Rainy,335,,161,283,Poor,New,Medium,10
Hyundai,Kona EV,Diesel,B,4,Off-Road,4,Highway,Medium,Rainy,423,,180,259,Moderate wear,Worn,High,9
BMW,X5,Diesel,E,5,Heavy Traffic,-1,Off-road terrain,Medium,Rainy,200,,151,157,Well-maintained,Flat,Low,1
Ford,F-150,Diesel,C,4,Heavy Traffic,18,Off-road terrain,Low,Rainy,264,,147,162,Poor,Flat,Medium,1
Tesla,Model 3,Petrol,D,5,Heavy Traffic,5,City streets,High,Snowy,216,,168,173,Moderate wear,Flat,Medium,5
Tesla,Model S,Petrol,C,5,Heavy Traffic,27,Highway,Medium,Snowy,266,,123,188,Moderate wear,Worn,High,10
BMW,X5,Diesel,B,4,Off-Road,21,City streets,Medium,Clear,488,,169,232,Moderate wear,Worn,Medium,7
BMW,3 Series,Petrol,B,4,Heavy Traffic,7,Off-road terrain,Medium,Clear,373,,177,280,Well-maintained,Flat,Low,2
Hyundai,Sonata,Electric,D,4,Highway,-5,Off-road terrain,Low,Snowy,265,,151,288,Moderate wear,Worn,High,10
Mercedes,GLE,Petrol,B,4,Highway,34,Highway,Low,Rainy,155,,184,185,Poor,Worn,High,10
Ford,Mustang,Petrol,E,4,Heavy Traffic,20,Highway,High,Rainy,212,,163,283,Poor,Flat,High,3
Hyundai,Sonata,Petrol,C,4,Extreme Weather,8,Off-road terrain,High,Snowy,348,,175,281,Moderate wear,Flat,Low,10
Hyundai,Sonata,Petrol,C,5,Urban,3,Off-road terrain,Low,Clear,471,,174,157,Poor,Flat,High,2
Toyota,Corolla,Electric,E,4,Off-Road,33,City streets,High,Snowy,358,,136,286,Well-maintained,New,High,4
Mercedes,E-Class,Petrol,D,4,Urban,26,Highway,Low,Clear,179,,183,209,Well-maintained,New,Low,4
Toyota,Camry,Diesel,A+,5,Urban,19,Highway,High,Rainy,284,,112,192,Moderate wear,Worn,Medium,5
BMW,X5,Diesel,A+,5,Off-Road,23,Highway,Low,Rainy,421,,118,265,Moderate wear,New,Medium,8
BMW,X5,Diesel,D,4,Heavy Traffic,7,City streets,High,Rainy,235,,163,229,Moderate wear,Worn,Low,1
Mercedes,E-Class,Electric,A,4,Urban,3,Highway,Medium,Snowy,289,,170,196,Poor,New,Medium,5
Mercedes,E-Class,Diesel,C,4,Urban,33,City streets,Low,Clear,186,,107,226,Moderate wear,Worn,Low,6
Hyundai,Kona EV,Electric,B,4,Extreme Weather,5,City streets,Medium,Clear,253,,133,276,Well-maintained,Worn,Low,7
Mercedes,GLE,Diesel,D,4,Highway,7,Highway,Low,Snowy,431,,127,226,Well-maintained,Flat,Low,5
Ford,F-150,Petrol,B,4,Off-Road,14,Off-road terrain,Low,Rainy,315,,171,227,Poor,Flat,High,5
Toyota,Camry,Petrol,D,4,Urban,28,Off-road terrain,Low,Clear,197,,130,257,Poor,Worn,Low,7
Ford,Mustang,Electric,A++,5,Urban,11,City streets,Low,Clear,484,,155,217,Moderate wear,Worn,Low,10
Tesla,Model S,Electric,C,5,Highway,31,City streets,High,Rainy,487,,148,283,Moderate wear,New,Medium,7
Ford,F-150,Electric,D,5,Heavy Traffic,-4,Off-road terrain,High,Rainy,314,,170,247,Well-maintained,Worn,Low,7
Tesla,Model 3,Diesel,C,5,Extreme Weather,29,Off-road terrain,Medium,Snowy,405,,163,252,Moderate wear,New,Low,6
BMW,X5,Petrol,E,5,Urban,34,Off-road terrain,High,Rainy,186,,113,272,Moderate wear,New,High,6
BMW,X5,Electric,C,4,Off-Road,32,City streets,Low,Rainy,243,,109,285,Poor,Flat,High,7
BMW,X5,Petrol,D,5,Urban,27,Highway,High,Clear,218,,196,179,Well-maintained,New,Medium,10
Tesla,Model S,Electric,E,4,Heavy Traffic,10,City streets,High,Snowy,460,,119,183,Moderate wear,Worn,Low,1
Mercedes,E-Class,Petrol,B,4,Highway,9,City streets,Low,Snowy,363,,183,169,Poor,Flat,High,5
Ford,Mustang,Electric,E,5,Extreme Weather,28,Off-road terrain,High,Rainy,374,,101,229,Poor,Flat,Medium,6
Hyundai,Kona EV,Electric,C,4,Urban,33,City streets,High,Rainy,329,,196,223,Well-maintained,New,Low,2
Mercedes,E-Class,Diesel,E,4,Urban,17,City streets,High,Rainy,439,,132,230,Moderate wear,Flat,Low,9
Hyundai,Kona EV,Diesel,B,4,Urban,21,Highway,Low,Rainy,444,,185,256,Moderate wear,Worn,Low,2
Toyota,Corolla,Petrol,C,4,Extreme Weather,25,Off-road terrain,Medium,Clear,285,,154,290,Moderate wear,Worn,High,4
BMW,X5,Electric,B,4,Highway,18,City streets,Medium,Snowy,184,,116,248,Poor,Worn,Medium,8
Toyota,Camry,Diesel,E,4,Urban,3,City streets,Low,Rainy,243,,178,164,Poor,Worn,Low,7
Ford,Mustang,Diesel,E,5,Urban,29,Off-road terrain,High,Snowy,469,,194,254,Well-maintained,New,High,4
Mercedes,E-Class,Electric,B,5,Heavy Traffic,29,Off-road terrain,Medium,Snowy,393,,140,288,Poor,New,Low,8
Ford,Mustang,Electric,B,5,Heavy Traffic,14,City streets,Low,Rainy,228,,122,280,Well-maintained,Worn,High,2
Toyota,Corolla,Petrol,C,4,Off-Road,15,City streets,High,Rainy,272,,198,194,Well-maintained,Worn,High,7
BMW,3 Series,Electric,A,5,Heavy Traffic,19,Off-road terrain,Low,Snowy,351,,136,162,Moderate wear,New,High,10
Ford,Mustang,Electric,B,4,Urban,5,Off-road terrain,High,Rainy,162,,170,194,Moderate wear,Flat,High,9
Ford,Mustang,Diesel,A,5,Extreme Weather,-1,City streets,High,Rainy,454,,120,241,Poor,Flat,Medium,4
Toyota,Corolla,Petrol,A+,5,Urban,24,Highway,Medium,Clear,416,,130,160,Moderate wear,Worn,Low,7
BMW,X5,Diesel,E,5,Extreme Weather,5,Off-road terrain,High,Rainy,399,,165,227,Poor,Flat,High,10
BMW,3 Series,Petrol,D,4,Highway,34,Off-road terrain,Medium,Clear,257,,132,226,Moderate wear,Worn,Medium,10
BMW,X5,Petrol,C,5,Highway,15,Highway,Medium,Rainy,435,,101,260,Moderate wear,Worn,Low,6
Ford,Mustang,Petrol,D,4,Urban,28,Highway,Medium,Rainy,419,,130,261,Poor,Flat,High,9
Tesla,Model S,Diesel,E,5,Highway,24,Off-road terrain,High,Rainy,310,,132,187,Moderate wear,Worn,Low,1
Hyundai,Sonata,Electric,B,5,Extreme Weather,-4,City streets,Medium,Snowy,407,,116,159,Well-maintained,Flat,Medium,5
Mercedes,E-Class,Petrol,D,5,Extreme Weather,12,City streets,Medium,Snowy,456,,140,173,Well-maintained,Flat,High,2
Tesla,Model S,Diesel,E,4,Highway,33,City streets,Low,Snowy,393,,167,185,Moderate wear,Flat,Low,6
Tesla,Model S,Diesel,D,5,Off-Road,32,City streets,High,Rainy,263,,103,217,Well-maintained,New,Low,2
Hyundai,Kona EV,Diesel,E,4,Off-Road,10,Highway,Medium,Snowy,461,,107,176,Moderate wear,New,High,6
Ford,Mustang,Electric,C,4,Off-Road,4,Highway,Medium,Clear,459,,128,286,Moderate wear,New,Low,8
Hyundai,Sonata,Electric,A+,4,Urban,13,Highway,High,Snowy,495,,180,168,Well-maintained,Flat,Low,7
Mercedes,E-Class,Diesel,C,5,Off-Road,2,Highway,Medium,Clear,303,,117,200,Well-maintained,Flat,Low,10
Ford,F-150,Petrol,A++,5,Off-Road,17,Off-road terrain,Low,Rainy,382,,154,212,Well-maintained,Flat,High,7
Toyota,Corolla,Diesel,E,4,Heavy Traffic,34,Off-road terrain,Medium,Clear,345,,174,213,Poor,Worn,High,5
Hyundai,Sonata,Electric,D,4,Extreme Weather,32,City streets,Low,Rainy,295,,156,209,Well-maintained,New,Medium,3
Mercedes,E-Class,Electric,D,5,Urban,13,Highway,High,Rainy,176,,145,182,Poor,Flat,Low,6
Hyundai,Sonata,Petrol,C,5,Urban,16,Highway,Medium,Clear,400,,137,285,Moderate wear,Flat,Medium,4
Toyota,Camry,Petrol,E,5,Urban,11,City streets,Medium,Rainy,380,,193,217,Poor,Worn,High,6
Mercedes,E-Class,Diesel,C,4,Extreme Weather,3,Highway,Low,Rainy,199,,178,247,Poor,Worn,Low,7
Mercedes,E-Class,Petrol,A++,5,Off-Road,22,City streets,Medium,Snowy,345,,177,239,Well-maintained,Worn,Medium,2
Hyundai,Sonata,Diesel,E,4,Heavy Traffic,21,Off-road terrain,Low,Clear,196,,142,199,Well-maintained,Worn,Medium,6
Toyota,Camry,Diesel,C,5,Off-Road,33,Off-road terrain,Medium,Clear,398,,106,250,Poor,Worn,High,10
Hyundai,Kona EV,Petrol,D,4,Highway,7,Off-road terrain,Low,Rainy,325,,173,267,Poor,New,Low,8
BMW,X5,Electric,B,5,Extreme Weather,7,Off-road terrain,Medium,Snowy,491,,197,157,Moderate wear,Worn,Medium,2
Tesla,Model 3,Electric,E,5,Heavy Traffic,20,Highway,High,Clear,166,,170,197,Poor,Worn,Low,1
Ford,F-150,Diesel,C,4,Off-Road,20,Highway,Medium,Clear,430,,199,181,Well-maintained,Worn,Medium,10
Tesla,Model 3,Electric,B,5,Highway,27,Off-road terrain,Low,Clear,448,,188,162,Poor,New,High,4
Toyota,Camry,Diesel,D,4,Heavy Traffic,15,City streets,Medium,Snowy,351,,173,294,Well-maintained,Worn,High,5
Toyota,Camry,Petrol,E,4,Heavy Traffic,13,Off-road terrain,Low,Clear,186,,169,279,Moderate wear,New,Low,3
Hyundai,Kona EV,Diesel,D,5,Heavy Traffic,23,Off-road terrain,Low,Clear,352,,124,191,Poor,New,Medium,9
Mercedes,GLE,Petrol,B,4,Heavy Traffic,33,Highway,Low,Snowy,219,,131,160,Poor,Flat,Low,2
BMW,X5,Petrol,D,5,Off-Road,31,Highway,High,Rainy,245,,198,266,Moderate wear,Worn,Medium,9
Ford,Mustang,Electric,A,5,Urban,13,Highway,High,Clear,152,,136,165,Poor,Worn,Medium,1
Tesla,Model S,Electric,D,4,Extreme Weather,8,Off-road terrain,Medium,Snowy,163,,104,154,Well-maintained,New,Low,3
Hyundai,Kona EV,Petrol,C,4,Urban,12,Off-road terrain,Medium,Clear,227,,155,199,Poor,New,Medium,10
Mercedes,E-Class,Petrol,B,5,Off-Road,8,City streets,High,Snowy,242,,198,187,Poor,Flat,Medium,10
Mercedes,E-Class,Electric,D,4,Highway,27,City streets,Low,Rainy,487,,118,206,Moderate wear,Flat,High,9
BMW,X5,Petrol,B,5,Heavy Traffic,8,City streets,High,Clear,264,,143,231,Moderate wear,Worn,Medium,2
BMW,3 Series,Diesel,B,5,Heavy Traffic,27,Highway,High,Clear,249,,160,204,Well-maintained,Flat,High,6
BMW,3 Series,Diesel,D,4,Highway,5,Off-road terrain,Medium,Clear,326,,101,160,Poor,Worn,Low,9
BMW,3 Series,Electric,E,5,Urban,4,Highway,Medium,Snowy,377,,165,226,Moderate wear,Flat,Medium,10
Ford,Mustang,Diesel,A++,5,Extreme Weather,13,City streets,Medium,Rainy,399,,151,227,Moderate wear,Worn,High,10
Hyundai,Sonata,Electric,D,5,Extreme Weather,0,City streets,High,Snowy,414,,114,254,Poor,Flat,Low,3
Toyota,Camry,Electric,E,5,Urban,17,Off-road terrain,Medium,Rainy,295,,124,297,Moderate wear,Worn,Low,7
Ford,F-150,Diesel,E,5,Extreme Weather,17,Off-road terrain,Low,Clear,490,,152,217,Well-maintained,Worn,Low,1
Tesla,Model S,Petrol,D,4,Highway,14,Off-road terrain,Medium,Rainy,201,,162,269,Poor,New,High,1
Hyundai,Sonata,Petrol,A+,5,Urban,4,Highway,Low,Rainy,154,,133,294,Moderate wear,New,Low,5
Ford,Mustang,Petrol,E,4,Urban,21,City streets,Low,Clear,232,,165,163,Poor,New,Medium,3
Mercedes,E-Class,Electric,B,4,Urban,34,Off-road terrain,Medium,Clear,172,,106,291,Moderate wear,New,Low,4
Hyundai,Kona EV,Electric,E,5,Extreme Weather,29,Off-road terrain,Low,Rainy,479,,196,229,Well-maintained,Flat,High,8
BMW,X5,Petrol,D,4,Heavy Traffic,15,Off-road terrain,Low,Clear,394,,105,225,Moderate wear,Worn,Low,10
Hyundai,Kona EV,Diesel,A+,4,Extreme Weather,17,Highway,Medium,Clear,262,,129,227,Moderate wear,New,Medium,7
Toyota,Corolla,Electric,D,5,Extreme Weather,26,Off-road terrain,Low,Snowy,391,,144,236,Moderate wear,Worn,Medium,1
Mercedes,E-Class,Petrol,D,5,Highway,4,Highway,Medium,Snowy,393,,194,267,Poor,Worn,Low,9
BMW,X5,Electric,C,4,Highway,16,Off-road terrain,Low,Snowy,453,,103,285,Moderate wear,Flat,Low,5
Ford,Mustang,Petrol,A++,4,Highway,-1,Off-road terrain,Medium,Clear,498,,127,203,Moderate wear,Worn,High,7
Mercedes,E-Class,Petrol,B,4,Urban,25,Off-road terrain,Low,Clear,239,,186,204,Poor,Worn,Low,10
Tesla,Model S,Petrol,A+,5,Urban,31,Off-road terrain,High,Snowy,231,,198,216,Poor,Flat,High,6
Tesla,Model S,Diesel,A,4,Heavy Traffic,5,Off-road terrain,Low,Snowy,358,,138,276,Well-maintained,Flat,High,3
Toyota,Corolla,Electric,E,4,Extreme Weather,21,City streets,Medium,Snowy,179,,138,162,Poor,Flat,Low,7
Tesla,Model S,Electric,D,4,Extreme Weather,14,Highway,Low,Snowy,437,,125,297,Poor,Worn,Medium,5
Mercedes,GLE,Diesel,D,5,Heavy Traffic,3,City streets,High,Snowy,203,,164,281,Moderate wear,Flat,High,10
Toyota,Camry,Diesel,B,5,Extreme Weather,2,Off-road terrain,Low,Snowy,445,,126,254,Well-maintained,Flat,High,1
Ford,F-150,Petrol,A+,5,Highway,28,Highway,High,Snowy,208,,102,227,Moderate wear,New,High,1
BMW,3 Series,Electric,D,5,Highway,21,Highway,Medium,Rainy,481,,121,161,Poor,New,Low,9
Mercedes,E-Class,Diesel,D,4,Heavy Traffic,9,Off-road terrain,High,Clear,364,,178,252,Moderate wear,Flat,Medium,3
Tesla,Model S,Petrol,D,5,Urban,2,Highway,Medium,Rainy,447,,136,289,Moderate wear,Worn,High,4
Ford,Mustang,Electric,E,4,Highway,13,Highway,Low,Rainy,365,,160,180,Well-maintained,Worn,High,6
BMW,X5,Electric,A++,5,Highway,34,City streets,High,Snowy,167,,140,292,Well-maintained,Flat,High,7
Toyota,Camry,Diesel,B,4,Highway,8,City streets,Low,Rainy,258,,123,156,Poor,Worn,Low,5
Ford,F-150,Diesel,E,4,Off-Road,-2,Off-road terrain,Low,Rainy,339,,159,233,Moderate wear,New,High,6
Ford,Mustang,Petrol,A++,5,Extreme Weather,33,Off-road terrain,Low,Rainy,301,,102,238,Moderate wear,New,Low,7
Toyota,Corolla,Diesel,A++,4,Extreme Weather,25,City streets,High,Rainy,181,,108,244,Poor,New,Medium,6
Tesla,Model 3,Petrol,B,5,Extreme Weather,7,Highway,Low,Snowy,220,,127,162,Poor,Flat,High,8
BMW,X5,Diesel,B,4,Highway,23,Off-road terrain,Low,Snowy,170,,142,225,Well-maintained,Worn,Medium,5
Toyota,Corolla,Electric,D,4,Off-Road,27,Highway,Low,Snowy,428,,142,151,Well-maintained,Worn,Low,7
BMW,X5,Diesel,B,5,Heavy Traffic,10,Off-road terrain,Medium,Clear,342,,181,164,Moderate wear,Worn,Medium,3
Hyundai,Kona EV,Electric,D,4,Extreme Weather,20,City streets,High,Rainy,335,,111,265,Well-maintained,Flat,Medium,1
Toyota,Corolla,Electric,A++,5,Extreme Weather,14,Off-road terrain,Low,Rainy,254,,118,207,Well-maintained,Worn,High,7
Mercedes,GLE,Electric,E,4,Highway,33,Off-road terrain,Medium,Snowy,399,,156,201,Moderate wear,Worn,Low,7
Mercedes,E-Class,Electric,A,4,Highway,30,Off-road terrain,Low,Snowy,299,,171,262,Poor,Worn,High,6
Mercedes,GLE,Electric,E,5,Urban,30,Off-road terrain,Low,Snowy,392,,185,152,Moderate wear,Worn,Medium,9
Tesla,Model 3,Electric,D,5,Highway,19,Off-road terrain,Medium,Snowy,195,,176,181,Moderate wear,Worn,Low,6
Toyota,Camry,Petrol,D,4,Heavy Traffic,11,City streets,Medium,Clear,333,,162,223,Well-maintained,Worn,High,10
Tesla,Model 3,Diesel,A,5,Heavy Traffic,11,Highway,High,Snowy,382,,114,298,Moderate wear,New,High,10
Hyundai,Sonata,Electric,E,5,Extreme Weather,7,City streets,High,Clear,334,,116,163,Poor,Worn,High,2
Ford,Mustang,Petrol,C,4,Urban,19,City streets,High,Rainy,462,,136,186,Well-maintained,Flat,High,3
BMW,X5,Diesel,A+,4,Off-Road,1,Highway,Medium,Snowy,499,,197,281,Moderate wear,Worn,High,2
Tesla,Model S,Petrol,E,4,Heavy Traffic,23,City streets,Medium,Clear,233,,173,167,Well-maintained,Flat,Low,10
Toyota,Camry,Electric,A,5,Off-Road,15,City streets,Medium,Rainy,424,,103,265,Well-maintained,Worn,Low,3
Toyota,Corolla,Petrol,E,4,Off-Road,33,Off-road terrain,Low,Clear,450,,131,246,Moderate wear,Worn,Low,6
Ford,F-150,Electric,B,5,Extreme Weather,2,Off-road terrain,Low,Clear,294,,117,292,Poor,New,Medium,2
Tesla,Model 3,Petrol,C,4,Highway,20,Highway,High,Rainy,390,,119,241,Well-maintained,New,High,1
Toyota,Camry,Electric,D,5,Off-Road,26,Off-road terrain,High,Snowy,407,,189,294,Moderate wear,Flat,High,4
Hyundai,Sonata,Electric,D,4,Heavy Traffic,0,Off-road terrain,High,Snowy,451,,143,157,Well-maintained,New,High,4
Hyundai,Sonata,Electric,D,5,Extreme Weather,20,Off-road terrain,Medium,Snowy,171,,138,207,Moderate wear,Worn,Low,10
Mercedes,E-Class,Petrol,C,4,Highway,26,City streets,Medium,Clear,484,,147,189,Poor,Flat,Medium,9
Mercedes,GLE,Diesel,A++,4,Extreme Weather,8,Off-road terrain,Medium,Snowy,238,,160,275,Poor,Flat,Medium,5
Hyundai,Kona EV,Petrol,E,4,Extreme Weather,19,Off-road terrain,High,Snowy,277,,180,153,Poor,Worn,High,7
Toyota,Corolla,Diesel,A++,4,Extreme Weather,15,Off-road terrain,High,Clear,460,,108,298,Poor,Flat,Medium,8
Tesla,Model 3,Petrol,C,4,Heavy Traffic,13,Off-road terrain,High,Clear,457,,185,269,Well-maintained,Flat,Medium,10
Ford,Mustang,Petrol,E,5,Off-Road,17,Highway,Medium,Snowy,236,,152,281,Poor,New,Low,8
Ford,F-150,Electric,C,4,Urban,-1,Highway,Medium,Clear,308,,173,175,Well-maintained,New,Medium,4
BMW,X5,Petrol,D,4,Urban,16,Highway,Low,Snowy,293,,134,152,Moderate wear,New,Medium,5
Mercedes,E-Class,Petrol,D,4,Urban,18,City streets,Low,Snowy,198,,165,174,Poor,New,Medium,9
Mercedes,GLE,Petrol,A,4,Heavy Traffic,14,Off-road terrain,Medium,Clear,210,,127,152,Poor,Flat,Low,2
Mercedes,GLE,Diesel,E,4,Highway,14,Off-road terrain,High,Rainy,342,,114,270,Moderate wear,New,Low,1
Hyundai,Kona EV,Petrol,E,5,Highway,17,Off-road terrain,Low,Rainy,443,,139,231,Poor,Worn,Medium,2
Tesla,Model 3,Electric,E,4,Off-Road,-5,Off-road terrain,Low,Rainy,176,,111,179,Well-maintained,Flat,Low,3
Hyundai,Kona EV,Electric,D,4,Off-Road,34,Highway,High,Clear,339,,109,195,Well-maintained,Worn,Medium,6
Ford,Mustang,Diesel,B,5,Heavy Traffic,12,Off-road terrain,High,Snowy,487,,144,235,Well-maintained,Flat,Medium,2
Toyota,Corolla,Electric,B,5,Highway,18,Highway,High,Clear,310,,120,202,Moderate wear,Worn,High,10
